id;nom;ip;vendeur;etat;created_at;updated_at
1;prier reproduire à l'égard de;à demi sans;insulter;tantôt allonger à force de;2024-04-21;2024-04-21
2;derrière;à côté de rectorat apercevoir;vide guide;paf administration;2024-04-21;2024-04-22
3;ronron partir;placide au lieu de clientèle;clac;gratis fonctionnaire;2024-04-22;2024-04-21
4;suffisamment;porte-parole comme;concurrence hebdomadaire;d’autant que sitôt que parce que;2024-04-21;2024-04-22
5;bang;à l'égard de attendre;placide par rapport à avant que;contredire proche;2024-04-22;2024-04-22
6;d’autant que dès;énorme franco cadre;glisser;ci;2024-04-22;2024-04-22
7;raide;à cause de dehors du fait que;ah;diplomate;2024-04-22;2024-04-22
8;groin groin à l'exception de;si bien que;corps enseignant membre à vie dès;en dedans de à raison de présidence;2024-04-22;2024-04-21
9;de façon à;commis de cuisine au défaut de;psitt alentour adversaire;quoique devant faciliter;2024-04-22;2024-04-22
10;administration;camarade;hi turquoise;d'après ah super;2024-04-21;2024-04-22
