id;jhi_index;ont_ip;service_id;slot;pon;pon_index;max_up;max_down;created_at;updated_at
1;plus;buter;lâche;géométrique blême main-d’œuvre;aussitôt déborder;au moyen de;insolite atchoum absolument;bientôt;2024-04-22;2024-04-22
2;de façon que lors infime;collègue cependant de manière à ce que;incalculable de façon que durant;sitôt que à l'exception de;membre de l’équipe secours souvent;d’autant que diplomate;aussitôt que;au prix de;2024-04-21;2024-04-22
3;près;tic-tac en dedans de conseil municipal;prier;groin groin étant donné que adversaire;membre du personnel brusque;de manière à ce que dénoncer;procurer à défaut de  accomplir;au-devant gai;2024-04-21;2024-04-22
4;préserver énorme;égoïste pendant;meuh;prier;après que neutre;autour de responsable;clientèle bavarder vraisemblablement;fourbe calme bien que;2024-04-21;2024-04-21
5;secouriste biathlète;vroum après-demain efficace;à l'égard de;solitaire;vroum dès que avant;téméraire d'entre;sous perfectionner;sympathique atchoum;2024-04-21;2024-04-21
6;altruiste à partir de par;trop peu;ci atchoum;tandis que mentionner outre;diététiste âcre;conseil d’administration tant que d'entre;parcourir direction;au lieu de;2024-04-21;2024-04-21
7;jusque de la part de si;touriste;mairie perplexe;jusque;agréable;orange aggraver sus;désigner plaindre ah;puisque sous parfois;2024-04-22;2024-04-22
8;éprouver oh un peu;vouh contrôler;boum;de;bè pendant que;malgré personnel;en toc;prou ferme quoique;2024-04-21;2024-04-21
9;turquoise candide;glouglou;au point que bzzz;énergique;en decà de;doucement oui personnel professionnel;amorphe vraiment;habile maigre de;2024-04-21;2024-04-22
10;entre-temps rectorat;habituer biathlète ressentir;autour sauvage commis de cuisine;brusque;équipe de manière à ce que;à moins de à partir de;si ferme;porte-parole oh;2024-04-22;2024-04-21
